Fecha;Último;Apertura;Máximo;Mínimo;Volumen
01.12.2025;89.776;90.372;94.591;83.858;70.970.000
01.11.2025;90.374;109.602;111.229;80.697;24.000.000
01.10.2025;109.602;114.048;126.186;103.632;24.000.000
01.09.2025;114.048;108.247;117.910;107.274;14.000.000
01.08.2025;108.226;115.766;124.436;107.433;18.000.000
01.07.2025;115.765;107.176;123.104;105.163;18.000.000
01.06.2025;107.171;104.598;110.404;98.249;15.000.000
01.05.2025;104.598;94.181;111.953;93.408;23.000.000
01.04.2025;94.184;82.548;95.718;74.524;29.000.000
01.03.2025;82.548;84.353;94.986;76.677;27.000.000
01.02.2025;84.381;102.421;102.770;78.329;20.000.000
01.01.2025;94.536;94.600;95.928;89.423;55.000.000
01.12.2024;93.557;96.404;108.244;91.522;41.000.000
01.11.2024;96.405;70.278;99.617;66.834;46.000.000
01.10.2024;70.281;63.329;73.569;59.075;26.000.000
01.09.2024;63.339;58.975;66.440;52.644;24.000.000
01.08.2024;58.978;64.625;65.587;49.486;26.000.000
01.07.2024;64.626;62.768;70.000;53.883;26.000.000
01.06.2024;62.754;67.533;71.956;58.589;10.000.000
01.05.2024;67.530;60.665;71.872;56.643;20.000.000
01.04.2024;60.666;71.329;72.710;59.228;26.000.000
01.03.2024;71.332;61.157;73.740;60.138;20.000.000
01.02.2024;61.169;42.580;63.915;41.890;14.000.000
01.01.2024;42.580;42.272;48.923;38.546;23.000.000
01.12.2023;42.272;37.712;44.697;37.618;13.000.000
01.11.2023;37.712;34.648;38.400;34.124;18.000.000
01.10.2023;34.650;26.962;35.191;26.558;11.000.000
01.09.2023;26.962;25.938;27.480;24.923;15.000.000
01.08.2023;25.937;29.232;30.168;25.481;14.000.000
01.07.2023;29.232;30.472;31.764;28.890;13.000.000
01.06.2023;30.472;27.216;31.395;24.838;17.000.000
01.05.2023;27.216;29.252;29.816;25.853;16.000.000
01.04.2023;29.252;28.473;30.964;27.054;23.000.000
01.03.2023;28.473;23.130;29.160;19.591;106.000.000
01.02.2023;23.130;23.124;25.236;21.418;99.000.000
01.01.2023;23.125;16.537;23.952;16.499;88.000.000
01.12.2022;16.537;17.163;18.351;16.331;61.000.000
01.11.2022;17.163;20.496;21.464;15.504;100.000.000
01.10.2022;20.496;19.422;21.038;18.207;89.000.000
01.09.2022;19.423;20.049;22.702;18.191;101.000.000
01.08.2022;20.043;23.303;25.205;19.542;65.000.000
01.07.2022;23.303;19.926;24.605;18.794;59.000.000
01.06.2022;19.926;31.793;31.969;17.630;39.000.000
01.05.2022;31.793;37.642;40.021;26.500;47.000.000
01.04.2022;37.650;45.529;47.435;37.596;124.000.000
01.03.2022;45.525;43.187;48.199;37.182;430.000.000
01.02.2022;43.188;38.475;45.755;34.357;12.000.000
01.01.2022;38.498;46.217;47.944;32.985;23.000.000
01.12.2021;46.219;56.891;59.064;42.587;10.000.000
01.11.2021;56.882;61.310;68.990;53.448;15.000.000
01.10.2021;61.309;43.824;66.967;43.292;28.000.000
01.09.2021;43.823;47.129;52.885;39.646;21.000.000
01.08.2021;47.130;41.510;50.498;37.365;24.000.000
01.07.2021;41.553;35.030;42.285;29.310;24.000.000
01.06.2021;35.026;37.294;41.318;28.901;44.000.000
01.05.2021;37.298;57.719;59.523;30.261;53.000.000
01.04.2021;57.720;58.763;64.778;47.098;27.000.000
01.03.2021;58.763;45.160;61.795;45.008;31.000.000
01.02.2021;45.164;33.106;58.335;32.324;41.000.000
01.01.2021;33.108;28.951;41.921;28.204;50.000.000
01.12.2020;28.949;19.697;29.298;17.600;35.000.000
01.11.2020;19.698;18.394;19.831;16.235;45.000.000
01.10.2020;13.797;10.776;14.065;10.387;21.000.000
01.09.2020;10.776;11.644;12.045;9.877;838.000.000
01.08.2020;11.644;11.333;12.444;10.730;159.000.000
01.07.2020;11.333;10.961;11.434;10.771;131.000.000
01.06.2020;9.135;9.454;10.301;8.865;155.000.000
01.05.2020;9.454;8.628;10.033;8.235;388.000.000
01.04.2020;8.629;6.412;9.437;6.157;391.000.000
01.03.2020;6.412;8.543;9.180;3.869;484.000.000
01.02.2020;8.543;9.349;10.482;8.543;236.000.000
01.01.2020;9.349;7.196;9.569;6.884;236.000.000
01.12.2019;7.196;7.546;7.702;6.462;213.000.000
01.11.2019;7.546;9.153;9.500;6.534;213.000.000
01.10.2019;9.152;8.285;10.540;7.329;193.000.000
01.09.2019;8.284;9.594;10.896;7.749;138.000.000
01.08.2019;9.594;10.081;12.291;9.343;173.000.000
01.07.2019;10.082;10.821;13.134;9.082;231.000.000
01.06.2019;10.818;8.556;13.929;7.480;226.000.000
01.05.2019;8.558;5.321;9.045;5.319;446.000.000
01.04.2019;5.320;4.102;5.594;4.076;543.000.000
01.03.2019;4.102;3.816;4.138;3.681;812.000.000
01.02.2019;3.816;3.437;4.194;3.382;233.000.000
01.01.2019;3.437;3.709;4.070;3.368;152.000.000
01.12.2018;3.709;4.038;4.316;3.177;150.000.000
01.11.2018;4.039;6.365;6.594;3.634;81.000.000
01.10.2018;6.365;6.635;7.358;6.034;580.000.000
01.09.2018;6.635;7.032;7.409;5.977;154.500.000
01.08.2018;7.033;7.728;7.753;5.898;635.000.000
01.07.2018;7.729;6.398;8.484;6.398;76.000.000
01.06.2018;6.398;7.502;7.775;5.785;48.000.000
01.05.2018;7.502;9.245;9.992;7.069;54.000.000
01.04.2018;9.245;6.939;9.753;6.460;62.000.000
01.03.2018;6.938;10.335;11.506;6.603;71.000.000
01.02.2018;10.333;10.266;11.791;5.996;84.000.000
01.01.2018;10.265;13.850;17.252;9.271;44.000.000
01.12.2017;13.850;9.947;19.870;9.420;52.000.000
01.11.2017;9.946;6.449;11.417;5.493;36.000.000
01.10.2017;6.451;4.360;6.467;4.143;28.000.000
01.09.2017;4.360;4.735;4.976;2.979;33.000.000
01.08.2017;4.735;2.883;4.765;2.659;33.000.000
01.07.2017;2.883;2.480;2.932;1.809;35.000.000
01.06.2017;2.480;2.303;2.985;2.125;35.000.000
01.05.2017;2.303;1.351;2.781;1.342;35.000.000
01.04.2017;1.351;1.079;1.358;841;16.000.000
01.03.2017;1.079;1.189;1.330;890;28.000.000
01.02.2017;1.189;965;1.211;924;11.000.000
01.01.2017;965;963;1.150;739;21.000.000
01.12.2016;963;742;982;741;17.000.000
01.11.2016;742;698;755;670;13.000.000
01.10.2016;698;608;720;606;9.056.000
01.09.2016;608;573;705;569;7.485.000
01.08.2016;573;621;627;471;18.000.000
01.07.2016;621;670;701;605;13.000.000
01.06.2016;670;528;776;521;35.000.000
01.05.2016;528;448;548;435;16.000.000
01.04.2016;448;415;468;412;19.000.000
01.03.2016;415;436;439;386;16.000.000
01.02.2016;436;369;447;365;19.000.000
01.01.2016;369;430;462;350;29.000.000
01.12.2015;430;378;467;347;30.000.000
01.11.2015;378;311;492;292;49.000.000
01.10.2015;311;235;334;234;28.000.000
01.09.2015;235;229;246;224;15.000.000
01.08.2015;229;283;285;196;22.000.000
01.07.2015;283;264;315;243;16.000.000
01.06.2015;264;229;268;221;15.000.000
01.05.2015;229;235;247;228;14.000.000
01.04.2015;235;244;261;214;27.000.000
01.03.2015;244;254;301;234;27.000.000
01.02.2015;254;218;264;209;29.000.000
01.01.2015;218;318;321;157;16.000.000
01.12.2014;318;374;384;303;8.479.000
01.11.2014;374;337;480;319;7.111.000
01.10.2014;337;388;407;294;5.690.000
01.09.2014;388;481;498;372;2.952.000
01.08.2014;481;589;608;450;1.267.000
01.07.2014;589;635;652;564;1.072.000
01.06.2014;635;627;676;560;1.111.000
01.05.2014;627;445;629;420;855.000
01.04.2014;445;444;549;355;1.616.000
01.03.2014;444;573;695;262;947.000
01.02.2014;573;938;969;91;9.965.000
01.01.2014;938;805;1.093;771;3.065.000
01.12.2013;805;1.205;1.239;454;9.200.000
01.11.2013;1.205;211;1.241;209;13.000.000
01.10.2013;211;141;233;109;7.538.000
01.09.2013;141;141;148;121;4.519.000
01.08.2013;141;106;148;101;6.041.000
01.07.2013;106;97;111;65;14.000.000
01.06.2013;97;128;130;88;15.000.000
01.05.2013;128;139;140;79;27.000.000
01.04.2013;139;93;266;50;43.000.000
01.03.2013;93;33;95;32;22.000.000
01.02.2013;33;20;34;18;18.000.000
01.01.2013;20;13;21;13;16.000.000
01.12.2012;13;12;13;12;8.762.000
01.11.2012;12;11;12;10;8.049.000
01.10.2012;11;12;13;9;15.000.000
01.09.2012;12;10;12;9;9.598.000
01.08.2012;10;9;15;7;25.000.000
01.07.2012;9;6;9;6;10.000.000
01.06.2012;6;5;6;5;18.000.000
01.05.2012;5;4;5;4;14.000.000
01.04.2012;4;4;5;4;16.000.000
01.03.2012;4;4;5;4;16.000.000
01.02.2012;4;5;6;3;24.000.000
01.01.2012;5;4;7;4;31.000.000
01.12.2011;4;3;5;2;10.000.000
01.11.2011;3;3;3;2;17.000.000
01.10.2011;3;5;5;2;13.000.000
01.09.2011;5;8;8;4;19.000.000
01.08.2011;8;13;13;5;12.000.000
01.07.2011;13;16;16;11;15.000.000
01.06.2011;16;8;31;8;16.000.000
01.05.2011;8;3;9;2;9.492.000
01.04.2011;3;0;4;0;8.686.000
01.03.2011;0;0;1;0;2.430.000
01.02.2011;0;0;1;0;3.670.000
01.01.2011;0;0;0;0;3.775.000
01.12.2010;0;0;0;0;2.635.000
01.11.2010;0;0;0;0;8.265.000
01.10.2010;0;0;0;0;11.000.000
01.09.2010;0;0;0;0;2.161.000
01.08.2010;0;0;0;0;2.214.000
